ticker,security,Sector
MSFT,MICROSOFT CORP,Information Technology
AAPL,APPLE INC,Information Technology
NVDA,NVIDIA CORP,Information Technology
AMZN,AMAZON COM INC,Consumer Discretionary
GOOGL,ALPHABET INC CLASS A,Communication
META,META PLATFORMS INC CLASS A,Communication
GOOG,ALPHABET INC CLASS C,Communication
LLY,ELI LILLY,Health Care
JPM,JPMORGAN CHASE & CO,Financials
AVGO,BROADCOM INC,Information Technology
TSLA,TESLA INC,Consumer Discretionary
XOM,EXXON MOBIL CORP,Energy
UNH,UNITEDHEALTH GROUP INC,Health Care
V,VISA INC CLASS A,Financials
PG,PROCTER & GAMBLE,Consumer Staples
MA,MASTERCARD INC CLASS A,Financials
JNJ,JOHNSON & JOHNSON,Health Care
HD,HOME DEPOT INC,Consumer Discretionary
MRK,MERCK & CO INC,Health Care
COST,COSTCO WHOLESALE CORP,Consumer Staples
ABBV,ABBVIE INC,Health Care
CVX,CHEVRON CORP,Energy
WMT,WALMART INC,Consumer Staples
CRM,SALESFORCE INC,Information Technology
BAC,BANK OF AMERICA CORP,Financials
PEP,PEPSICO INC,Consumer Staples
KO,COCA-COLA,Consumer Staples
NFLX,NETFLIX INC,Communication
AMD,ADVANCED MICRO DEVICES INC,Information Technology
TMO,THERMO FISHER SCIENTIFIC INC,Health Care
WFC,WELLS FARGO,Financials
ADBE,ADOBE INC,Information Technology
DIS,WALT DISNEY,Communication
LIN,LINDE PLC,Materials
QCOM,QUALCOMM INC,Information Technology
MCD,MCDONALDS CORP,Consumer Discretionary
ACN,ACCENTURE PLC CLASS A,Information Technology
CSCO,CISCO SYSTEMS INC,Information Technology
ABT,ABBOTT LABORATORIES,Health Care
ORCL,ORACLE CORP,Information Technology
GE,GE AEROSPACE,Industrials
CAT,CATERPILLAR INC,Industrials
INTU,INTUIT INC,Information Technology
AMAT,APPLIED MATERIAL INC,Information Technology
VZ,VERIZON COMMUNICATIONS INC,Communication
DHR,DANAHER CORP,Health Care
TXN,TEXAS INSTRUMENT INC,Information Technology
PFE,PFIZER INC,Health Care
CMCSA,COMCAST CORP CLASS A,Communication
PM,PHILIP MORRIS INTERNATIONAL INC,Consumer Staples
IBM,INTERNATIONAL BUSINESS MACHINES CO,Information Technology
AMGN,AMGEN INC,Health Care
COP,CONOCOPHILLIPS,Energy
RTX,RTX CORP,Industrials
UNP,UNION PACIFIC CORP,Industrials
NOW,SERVICENOW INC,Information Technology
NEE,NEXTERA ENERGY INC,Utilities
GS,GOLDMAN SACHS GROUP INC,Financials
AXP,AMERICAN EXPRESS,Financials
UBER,UBER TECHNOLOGIES INC,Industrials
LOW,LOWES COMPANIES INC,Consumer Discretionary
SPGI,S&P GLOBAL INC,Financials
ISRG,INTUITIVE SURGICAL INC,Health Care
INTC,INTEL CORPORATION CORP,Information Technology
HON,HONEYWELL INTERNATIONAL INC,Industrials
ETN,EATON PLC,Industrials
ELV,ELEVANCE HEALTH INC,Health Care
MU,MICRON TECHNOLOGY INC,Information Technology
PGR,PROGRESSIVE CORP,Financials
BKNG,BOOKING HOLDINGS INC,Consumer Discretionary
T,AT&T INC,Communication
C,CITIGROUP INC,Financials
LRCX,LAM RESEARCH CORP,Information Technology
SYK,STRYKER CORP,Health Care
BLK,BLACKROCK INC,Financials
SCHW,CHARLES SCHWAB CORP,Financials
MS,MORGAN STANLEY,Financials
NKE,NIKE INC CLASS B,Consumer Discretionary
TJX,TJX INC,Consumer Discretionary
MDT,MEDTRONIC PLC,Health Care
UPS,UNITED PARCEL SERVICE INC CLASS B,Industrials
BSX,BOSTON SCIENTIFIC CORP,Health Care
VRTX,VERTEX PHARMACEUTICALS INC,Health Care
DE,DEERE,Industrials
CB,CHUBB LTD,Financials
BA,BOEING,Industrials
ADP,AUTOMATIC DATA PROCESSING INC,Industrials
LMT,LOCKHEED MARTIN CORP,Industrials
CI,CIGNA,Health Care
MMC,MARSH & MCLENNAN INC,Financials
ADI,ANALOG DEVICES INC,Information Technology
PLD,PROLOGIS REIT INC,Real Estate
REGN,REGENERON PHARMACEUTICALS INC,Health Care
MDLZ,MONDELEZ INTERNATIONAL INC CLASS A,Consumer Staples
KLAC,KLA CORP,Information Technology
PANW,PALO ALTO NETWORKS INC,Information Technology
FI,FISERV INC,Financials
BMY,BRISTOL MYERS SQUIBB,Health Care
CMG,CHIPOTLE MEXICAN GRILL INC,Consumer Discretionary
BX,BLACKSTONE INC,Financials
WM,WASTE MANAGEMENT INC,Industrials
AMT,AMERICAN TOWER REIT CORP,Real Estate
SBUX,STARBUCKS CORP,Consumer Discretionary
SO,SOUTHERN,Utilities
GILD,GILEAD SCIENCES INC,Health Care
TMUS,T MOBILE US INC,Communication
SNPS,SYNOPSYS INC,Information Technology
MO,ALTRIA GROUP INC,Consumer Staples
EOG,EOG RESOURCES INC,Energy
ZTS,ZOETIS INC CLASS A,Health Care
DUK,DUKE ENERGY CORP,Utilities
CL,COLGATE-PALMOLIVE,Consumer Staples
CDNS,CADENCE DESIGN SYSTEMS INC,Information Technology
CME,CME GROUP INC CLASS A,Financials
TGT,TARGET CORP,Consumer Staples
SHW,SHERWIN WILLIAMS,Materials
ITW,ILLINOIS TOOL INC,Industrials
PYPL,PAYPAL HOLDINGS INC,Financials
TT,TRANE TECHNOLOGIES PLC,Industrials
ICE,INTERCONTINENTAL EXCHANGE INC,Financials
MCK,MCKESSON CORP,Health Care
CVS,CVS HEALTH CORP,Health Care
APH,AMPHENOL CORP CLASS A,Information Technology
GD,GENERAL DYNAMICS CORP,Industrials
FCX,FREEPORT MCMORAN INC,Materials
BDX,BECTON DICKINSON,Health Care
SLB,SCHLUMBERGER NV,Energy
PH,PARKER-HANNIFIN CORP,Industrials
MPC,MARATHON PETROLEUM CORP,Energy
TDG,TRANSDIGM GROUP INC,Industrials
NOC,NORTHROP GRUMMAN CORP,Industrials
CSX,CSX CORP,Industrials
ABNB,AIRBNB INC CLASS A,Consumer Discretionary
ANET,ARISTA NETWORKS INC,Information Technology
EQIX,EQUINIX REIT INC,Real Estate
CRWD,CROWDSTRIKE HOLDINGS INC CLASS A,Information Technology
KKR,KKR AND CO INC,Financials
USB,US BANCORP,Financials
PSX,PHILLIPS,Energy
PXD,PIONEER NATURAL RESOURCE,Energy
PNC,PNC FINANCIAL SERVICES GROUP INC,Financials
HCA,HCA HEALTHCARE INC,Health Care
FDX,FEDEX CORP,Industrials
EMR,EMERSON ELECTRIC,Industrials
CEG,CONSTELLATION ENERGY CORP,Utilities
MCO,MOODYS CORP,Financials
ORLY,OREILLY AUTOMOTIVE INC,Consumer Discretionary
APO,APOLLO GLOBAL MANAGEMENT INC,Financials
CTAS,CINTAS CORP,Industrials
MRVL,MARVELL TECHNOLOGY INC,Information Technology
MAR,MARRIOTT INTERNATIONAL INC CLASS A,Consumer Discretionary
ECL,ECOLAB INC,Materials
MSI,MOTOROLA SOLUTIONS INC,Information Technology
AON,AON PLC CLASS A,Financials
AIG,AMERICAN INTERNATIONAL GROUP INC,Financials
PCAR,PACCAR INC,Industrials
ROP,ROPER TECHNOLOGIES INC,Information Technology
APD,AIR PRODUCTS AND CHEMICALS INC,Materials
COF,CAPITAL ONE FINANCIAL CORP,Financials
VLO,VALERO ENERGY CORP,Energy
WELL,WELLTOWER INC,Real Estate
MMM,3M,Industrials
NSC,NORFOLK SOUTHERN CORP,Industrials
GM,GENERAL MOTORS,Consumer Discretionary
EW,EDWARDS LIFESCIENCES CORP,Health Care
AJG,ARTHUR J GALLAGHER,Financials
AZO,AUTOZONE INC,Consumer Discretionary
TFC,TRUIST FINANCIAL CORP,Financials
CARR,CARRIER GLOBAL CORP,Industrials
WDAY,WORKDAY INC CLASS A,Information Technology
SNOW,SNOWFLAKE CLASS A,Information Technology
HLT,HILTON WORLDWIDE HOLDINGS INC,Consumer Discretionary
F,FORD MOTOR CO,Consumer Discretionary
TRV,TRAVELERS COMPANIES INC,Financials
DXCM,DEXCOM INC,Health Care
AFL,AFLAC INC,Financials
MCHP,MICROCHIP TECHNOLOGY INC,Information Technology
NEM,NEWMONT,Materials
WMB,WILLIAMS INC,Energy
CPRT,COPART INC,Industrials
AEP,AMERICAN ELECTRIC POWER INC,Utilities
SRE,SEMPRA,Utilities
KMB,KIMBERLY CLARK CORP,Consumer Staples
SPG,SIMON PROPERTY GROUP REIT INC,Real Estate
O,REALTY INCOME REIT CORP,Real Estate
ADSK,AUTODESK INC,Information Technology
URI,UNITED RENTALS INC,Industrials
OKE,ONEOK INC,Energy
ALL,ALLSTATE CORP,Financials
OXY,OCCIDENTAL PETROLEUM CORP,Energy
HES,HESS CORP,Energy
DHI,D R HORTON INC,Consumer Discretionary
MET,METLIFE INC,Financials
PLTR,PALANTIR TECHNOLOGIES INC CLASS A,Information Technology
FERG,FERGUSON PLC,Industrials
BK,BANK OF NEW YORK MELLON CORP,Financials
D,DOMINION ENERGY INC,Utilities
DLR,DIGITAL REALTY TRUST REIT INC,Real Estate
ROST,ROSS STORES INC,Consumer Discretionary
FTNT,FORTINET INC,Information Technology
NUE,NUCOR CORP,Materials
CCI,CROWN CASTLE INC,Real Estate
AMP,AMERIPRISE FINANCE INC,Financials
GEV,GE VERNOVA INC,Industrials
MRNA,MODERNA INC,Health Care
PSA,PUBLIC STORAGE REIT,Real Estate
JCI,JOHNSON CONTROLS INTERNATIONAL PLC,Industrials
FIS,FIDELITY NATIONAL INFORMATION SERV,Financials
SPOT,SPOTIFY TECHNOLOGY SA,Communication
STZ,CONSTELLATION BRANDS INC CLASS A,Consumer Staples
GWW,WW GRAINGER INC,Industrials
IQV,IQVIA HOLDINGS INC,Health Care
PRU,PRUDENTIAL FINANCIAL INC,Financials
A,AGILENT TECHNOLOGIES INC,Health Care
DOW,DOW INC,Materials
GIS,GENERAL MILLS INC,Consumer Staples
CTVA,CORTEVA INC,Materials
LHX,L3HARRIS TECHNOLOGIES INC,Industrials
MNST,MONSTER BEVERAGE CORP,Consumer Staples
CNC,CENTENE CORP,Health Care
HUM,HUMANA INC,Health Care
IDXX,IDEXX LABORATORIES INC,Health Care
COIN,COINBASE GLOBAL INC CLASS A,Financials
FAST,FASTENAL,Industrials
LULU,LULULEMON ATHLETICA INC,Consumer Discretionary
SQ,BLOCK INC CLASS A,Financials
TTD,TRADE DESK INC CLASS A,Communication
RSG,REPUBLIC SERVICES INC,Industrials
LNG,CHENIERE ENERGY INC,Energy
CMI,CUMMINS INC,Industrials
PAYX,PAYCHEX INC,Industrials
COR,CENCORA INC,Health Care
OTIS,OTIS WORLDWIDE CORP,Industrials
YUM,YUM BRANDS INC,Consumer Discretionary
AME,AMETEK INC,Industrials
EXC,EXELON CORP,Utilities
LEN,LENNAR A CORP,Consumer Discretionary
IR,INGERSOLL RAND INC,Industrials
SYY,SYSCO CORP,Consumer Staples
PWR,QUANTA SERVICES INC,Industrials
CSGP,COSTAR GROUP INC,Real Estate
MLM,MARTIN MARIETTA MATERIALS INC,Materials
ODFL,OLD DOMINION FREIGHT LINE INC,Industrials
KMI,KINDER MORGAN INC,Energy
KR,KROGER,Consumer Staples
MSCI,MSCI INC,Financials
PCG,PG&E CORP,Utilities
DASH,DOORDASH INC CLASS A,Consumer Discretionary
FANG,DIAMONDBACK ENERGY INC,Energy
VMC,VULCAN MATERIALS,Materials
DDOG,DATADOG INC CLASS A,Information Technology
EA,ELECTRONIC ARTS INC,Communication
PEG,PUBLIC SERVICE ENTERPRISE GROUP IN,Utilities
ACGL,ARCH CAPITAL GROUP LTD,Financials
DD,DUPONT DE NEMOURS INC,Materials
CTSH,COGNIZANT TECHNOLOGY SOLUTIONS COR,Information Technology
VRSK,VERISK ANALYTICS INC,Industrials
KVUE,KENVUE INC,Consumer Staples
ED,CONSOLIDATED EDISON INC,Utilities
HAL,HALLIBURTON,Energy
DAL,DELTA AIR LINES INC,Industrials
MPWR,MONOLITHIC POWER SYSTEMS INC,Information Technology
GEHC,GE HEALTHCARE TECHNOLOGIES INC,Health Care
DVN,DEVON ENERGY CORP,Energy
XYL,XYLEM INC,Industrials
RCL,ROYAL CARIBBEAN GROUP LTD,Consumer Discretionary
KDP,KEURIG DR PEPPER INC,Consumer Staples
BKR,BAKER HUGHES CLASS A,Energy
ADM,ARCHER DANIELS MIDLAND,Consumer Staples
RMD,RESMED INC,Health Care
IT,GARTNER INC,Information Technology
VRT,VERTIV HOLDINGS CLASS A,Industrials
DFS,DISCOVER FINANCIAL SERVICES,Financials
EL,ESTEE LAUDER INC CLASS A,Consumer Staples
ROK,ROCKWELL AUTOMATION INC,Industrials
PPG,PPG INDUSTRIES INC,Materials
BIIB,BIOGEN INC,Health Care
ON,ON SEMICONDUCTOR CORP,Information Technology
DG,DOLLAR GENERAL CORP,Consumer Staples
XEL,XCEL ENERGY INC,Utilities
VICI,VICI PPTYS INC,Real Estate
CDW,CDW CORP,Information Technology
KHC,KRAFT HEINZ,Consumer Staples
HSY,HERSHEY FOODS,Consumer Staples
HWM,HOWMET AEROSPACE INC,Industrials
EXR,EXTRA SPACE STORAGE REIT INC,Real Estate
VEEV,VEEVA SYSTEMS INC CLASS A,Health Care
WAB,WESTINGHOUSE AIR BRAKE TECHNOLOGIE,Industrials
TSCO,TRACTOR SUPPLY,Consumer Discretionary
HIG,HARTFORD FINANCIAL SERVICES GROUP,Financials
GPN,GLOBAL PAYMENTS INC,Financials
TEAM,ATLASSIAN CORP CLASS A,Information Technology
VST,VISTRA CORP,Utilities
FICO,FAIR ISAAC CORP,Information Technology
EFX,EQUIFAX INC,Industrials
HUBS,HUBSPOT INC,Information Technology
AVB,AVALONBAY COMMUNITIES REIT INC,Real Estate
ANSS,ANSYS INC,Information Technology
EIX,EDISON INTERNATIONAL,Utilities
WST,WEST PHARMACEUTICAL SERVICES INC,Health Care
FTV,FORTIVE CORP,Industrials
MTD,METTLER TOLEDO INC,Health Care
CHTR,CHARTER COMMUNICATIONS INC CLASS A,Communication
CBRE,CBRE GROUP INC CLASS A,Real Estate
NET,CLOUDFLARE INC CLASS A,Information Technology
WEC,WEC ENERGY GROUP INC,Utilities
WTW,WILLIS TOWERS WATSON PLC,Financials
CHD,CHURCH AND DWIGHT INC,Consumer Staples
EBAY,EBAY INC,Consumer Discretionary
KEYS,KEYSIGHT TECHNOLOGIES INC,Information Technology
NU,NU HOLDINGS LTD CLASS A,Financials
GLW,CORNING INC,Information Technology
LYB,LYONDELLBASELL INDUSTRIES NV CLASS,Materials
CAH,CARDINAL HEALTH INC,Health Care
GRMN,GARMIN LTD,Consumer Discretionary
TRGP,TARGA RESOURCES CORP,Energy
FITB,FIFTH THIRD BANCORP,Financials
DOV,DOVER CORP,Industrials
ZBH,ZIMMER BIOMET HOLDINGS INC,Health Care
CPNG,COUPANG INC CLASS A,Consumer Discretionary
AWK,AMERICAN WATER WORKS INC,Utilities
MDB,MONGODB INC CLASS A,Information Technology
DLTR,DOLLAR TREE INC,Consumer Staples
ICLR,ICON PLC,Health Care
TROW,T ROWE PRICE GROUP INC,Financials
EQR,EQUITY RESIDENTIAL REIT,Real Estate
PHM,PULTEGROUP INC,Consumer Discretionary
MTB,M&T BANK CORP,Financials
HPQ,HP INC,Information Technology
PINS,PINTEREST INC CLASS A,Communication
RJF,RAYMOND JAMES INC,Financials
TTWO,TAKE TWO INTERACTIVE SOFTWARE INC,Communication
DTE,DTE ENERGY,Utilities
BR,BROADRIDGE FINANCIAL SOLUTIONS INC,Industrials
BLDR,BUILDERS FIRSTSOURCE INC,Industrials
ETR,ENTERGY CORP,Utilities
WDC,WESTERN DIGITAL CORP,Information Technology
WY,WEYERHAEUSER REIT,Real Estate
ARES,ARES MANAGEMENT CORP CLASS A,Financials
AXON,AXON ENTERPRISE INC,Industrials
IRM,IRON MOUNTAIN INC,Real Estate
NDAQ,NASDAQ INC,Financials
IFF,INTERNATIONAL FLAVORS & FRAGRANCES,Materials
STT,STATE STREET CORP,Financials
ALGN,ALIGN TECHNOLOGY INC,Health Care
GPC,GENUINE PARTS,Consumer Discretionary
NVR,NVR INC,Consumer Discretionary
HPE,HEWLETT PACKARD ENTERPRISE,Information Technology
DECK,DECKERS OUTDOOR CORP,Consumer Discretionary
FE,FIRSTENERGY CORP,Utilities
INVH,INVITATION HOMES INC,Real Estate
ES,EVERSOURCE ENERGY,Utilities
NTAP,NETAPP INC,Information Technology
CPAY,CORPAY INC,Financials
APTV,APTIV PLC,Consumer Discretionary
SBAC,SBA COMMUNICATIONS REIT CORP CLASS,Real Estate
BALL,BALL CORP,Materials
VLTO,VERALTO CORP,Industrials
MKL,MARKEL GROUP INC,Financials
STE,STERIS,Health Care
ARE,ALEXANDRIA REAL ESTATE EQUITIES RE,Real Estate
PPL,PPL CORP,Utilities
CTRA,COTERRA ENERGY INC,Energy
LPLA,LPL FINANCIAL HOLDINGS INC,Financials
HUBB,HUBBELL INC,Industrials
STLD,STEEL DYNAMICS INC,Materials
AEE,AMEREN CORP,Utilities
BRO,BROWN & BROWN INC,Financials
HBAN,HUNTINGTON BANCSHARES INC,Financials
ILMN,ILLUMINA INC,Health Care
MOH,MOLINA HEALTHCARE INC,Health Care
PTC,PTC INC,Information Technology
LDOS,LEIDOS HOLDINGS INC,Industrials
TYL,TYLER TECHNOLOGIES INC,Information Technology
ULTA,ULTA BEAUTY INC,Consumer Discretionary
FSLR,FIRST SOLAR INC,Information Technology
PFG,PRINCIPAL FINANCIAL GROUP INC,Financials
CSL,CARLISLE COMPANIES INC,Industrials
MKC,MCCORMICK & CO NON-VOTING INC,Consumer Staples
ENTG,ENTEGRIS INC,Information Technology
ALNY,ALNYLAM PHARMACEUTICALS INC,Health Care
WSM,WILLIAMS SONOMA INC,Consumer Discretionary
FCNCA,FIRST CITIZENS BANCSHARES INC CLAS,Financials
BAX,BAXTER INTERNATIONAL INC,Health Care
BAH,BOOZ ALLEN HAMILTON HOLDING CORP C,Industrials
WAT,WATERS CORP,Health Care
VTR,VENTAS REIT INC,Real Estate
CNP,CENTERPOINT ENERGY INC,Utilities
OMC,OMNICOM GROUP INC,Communication
CBOE,CBOE GLOBAL MARKETS INC,Financials
SYF,SYNCHRONY FINANCIAL,Financials
RF,REGIONS FINANCIAL CORP,Financials
EXPE,EXPEDIA GROUP INC,Consumer Discretionary
J,JACOBS SOLUTIONS INC,Industrials
DKNG,DRAFTKINGS INC CLASS A,Consumer Discretionary
DPZ,DOMINOS PIZZA INC,Consumer Discretionary
ATO,ATMOS ENERGY CORP,Utilities
TER,TERADYNE INC,Information Technology
CMS,CMS ENERGY CORP,Utilities
TDY,TELEDYNE TECHNOLOGIES INC,Information Technology
CINF,CINCINNATI FINANCIAL CORP,Financials
AVY,AVERY DENNISON CORP,Materials
DRI,DARDEN RESTAURANTS INC,Consumer Discretionary
COO,COOPER INC,Health Care
HOLX,HOLOGIC INC,Health Care
RBLX,ROBLOX CORP CLASS A,Communication
GDDY,GODADDY INC CLASS A,Information Technology
WBD,WARNER BROS. DISCOVERY INC SERIES,Communication
CLX,CLOROX,Consumer Staples
LVS,LAS VEGAS SANDS CORP,Consumer Discretionary
LH,LABORATORY CORPORATION OF AMERICA,Health Care
TSN,TYSON FOODS INC CLASS A,Consumer Staples
NRG,NRG ENERGY INC,Utilities
NTRS,NORTHERN TRUST CORP,Financials
IEX,IDEX CORP,Industrials
UAL,UNITED AIRLINES HOLDINGS INC,Industrials
TXT,TEXTRON INC,Industrials
RS,RELIANCE STEEL & ALUMINUM,Materials
AVTR,AVANTOR INC,Health Care
EME,EMCOR GROUP INC,Industrials
EXPD,EXPEDITORS INTERNATIONAL OF WASHIN,Industrials
CFG,CITIZENS FINANCIAL GROUP INC,Financials
FDS,FACTSET RESEARCH SYSTEMS INC,Financials
ZM,ZOOM VIDEO COMMUNICATIONS INC CLAS,Information Technology
ZBRA,ZEBRA TECHNOLOGIES CORP CLASS A,Information Technology
K,KELLANOVA,Consumer Staples
EG,EVEREST GROUP LTD,Financials
WRB,WR BERKLEY CORP,Financials
ESS,ESSEX PROPERTY TRUST REIT INC,Real Estate
LUV,SOUTHWEST AIRLINES,Industrials
BMRN,BIOMARIN PHARMACEUTICAL INC,Health Care
PKG,PACKAGING CORP OF AMERICA,Materials
MAS,MASCO CORP,Industrials
ZS,ZSCALER INC,Information Technology
CE,CELANESE CORP,Materials
WSO,WATSCO INC,Industrials
OC,OWENS CORNING,Industrials
MAA,MID AMERICA APARTMENT COMMUNITIES,Real Estate
DGX,QUEST DIAGNOSTICS INC,Health Care
MRO,MARATHON OIL CORP,Energy
NTNX,NUTANIX INC CLASS A,Information Technology
NDSN,NORDSON CORP,Industrials
AKAM,AKAMAI TECHNOLOGIES INC,Information Technology
VRSN,VERISIGN INC,Information Technology
PSTG,PURE STORAGE INC CLASS A,Information Technology
TRMB,TRIMBLE INC,Information Technology
OKTA,OKTA INC CLASS A,Information Technology
CAG,CONAGRA BRANDS INC,Consumer Staples
LII,LENNOX INTERNATIONAL INC,Industrials
BG,BUNGE GLOBAL SA,Consumer Staples
ALB,ALBEMARLE CORP,Materials
APP,APPLOVIN CORP CLASS A,Information Technology
CCL,CARNIVAL CORP,Consumer Discretionary
SWKS,SKYWORKS SOLUTIONS INC,Information Technology
TRU,TRANSUNION,Industrials
EQT,EQT CORP,Energy
JBL,JABIL INC,Information Technology
SUI,SUN COMMUNITIES REIT INC,Real Estate
AMCR,AMCOR PLC,Materials
CF,CF INDUSTRIES HOLDINGS INC,Materials
ENPH,ENPHASE ENERGY INC,Information Technology
L,LOEWS CORP,Financials
KEY,KEYCORP,Financials
SNA,SNAP ON INC,Industrials
LYV,LIVE NATION ENTERTAINMENT INC,Communication
BBY,BEST BUY CO INC,Consumer Discretionary
RPM,RPM INTERNATIONAL INC,Materials
VTRS,VIATRIS INC,Health Care
POOL,POOL CORP,Consumer Discretionary
FWONK,LIBERTY MEDIA FORMULA ONE CORP SER,Communication
GGG,GRACO INC,Industrials
DOC,HEALTHPEAK PROPERTIES INC,Real Estate
SSNC,SS AND C TECHNOLOGIES HOLDINGS INC,Industrials
JBHT,JB HUNT TRANSPORT SERVICES INC,Industrials
USD,USD CASH,Cash and/or Derivatives
NBIX,NEUROCRINE BIOSCIENCES INC,Health Care
EPAM,EPAM SYSTEMS INC,Information Technology
FNF,FIDELITY NATIONAL FINANCIAL INC,Financials
SWK,STANLEY BLACK & DECKER INC,Industrials
WRK,WESTROCK,Materials
RBA,RB GLOBAL INC,Industrials
PNR,PENTAIR,Industrials
OVV,OVINTIV INC,Energy
MANH,MANHATTAN ASSOCIATES INC,Information Technology
LNT,ALLIANT ENERGY CORP,Utilities
BLD,TOPBUILD CORP,Consumer Discretionary
HST,HOST HOTELS & RESORTS REIT INC,Real Estate
RGA,REINSURANCE GROUP OF AMERICA INC,Financials
EQH,EQUITABLE HOLDINGS INC,Financials
ACM,AECOM,Industrials
RVTY,REVVITY INC,Health Care
AES,AES CORP,Utilities
TOL,TOLL BROTHERS INC,Consumer Discretionary
IBKR,INTERACTIVE BROKERS GROUP INC CLAS,Financials
XPO,XPO INC,Industrials
WBA,WALGREEN BOOTS ALLIANCE INC,Consumer Staples
KIM,KIMCO REALTY REIT CORP,Real Estate
LECO,LINCOLN ELECTRIC HOLDINGS INC,Industrials
LW,LAMB WESTON HOLDINGS INC,Consumer Staples
UDR,UDR REIT INC,Real Estate
IP,INTERNATIONAL PAPER,Materials
AMH,AMERICAN HOMES RENT REIT CLASS A,Real Estate
TW,TRADEWEB MARKETS INC CLASS A,Financials
WPC,W. P. CAREY REIT INC,Real Estate
SWAV,SHOCKWAVE MEDICAL INC,Health Care
PODD,INSULET CORP,Health Care
NVT,NVENT ELECTRIC PLC,Industrials
BURL,BURLINGTON STORES INC,Consumer Discretionary
NI,NISOURCE INC,Utilities
JKHY,JACK HENRY AND ASSOCIATES INC,Financials
EVRG,EVERGY INC,Utilities
CASY,CASEYS GENERAL STORES INC,Consumer Staples
THC,TENET HEALTHCARE CORP,Health Care
DT,DYNATRACE INC,Information Technology
TECH,BIO TECHNE CORP,Health Care
FND,FLOOR DECOR HOLDINGS INC CLASS A,Consumer Discretionary
DOCU,DOCUSIGN INC,Information Technology
IPG,INTERPUBLIC GROUP OF COMPANIES INC,Communication
CRL,CHARLES RIVER LABORATORIES INTERNA,Health Care
USFD,US FOODS HOLDING CORP,Consumer Staples
LKQ,LKQ CORP,Consumer Discretionary
UTHR,UNITED THERAPEUTICS CORP,Health Care
SRPT,SAREPTA THERAPEUTICS INC,Health Care
EMN,EASTMAN CHEMICAL,Materials
SJM,JM SMUCKER,Consumer Staples
ROL,ROLLINS INC,Industrials
RNR,RENAISSANCERE HOLDING LTD,Financials
WING,WINGSTOP INC,Consumer Discretionary
CNHI,CNH INDUSTRIAL N.V. NV,Industrials
ELS,EQUITY LIFESTYLE PROPERTIES REIT I,Real Estate
FTI,TECHNIPFMC PLC,Energy
DKS,DICKS SPORTING INC,Consumer Discretionary
MGM,MGM RESORTS INTERNATIONAL,Consumer Discretionary
GLPI,GAMING AND LEISURE PROPERTIES REIT,Real Estate
JNPR,JUNIPER NETWORKS INC,Information Technology
HOOD,ROBINHOOD MARKETS INC CLASS A,Financials
TTEK,TETRA TECH INC,Industrials
WMS,ADVANCED DRAINAGE SYSTEMS INC,Industrials
GEN,GEN DIGITAL INC,Information Technology
CHK,CHESAPEAKE ENERGY CORP,Energy
SAIA,SAIA INC,Industrials
REG,REGENCY CENTERS REIT CORP,Real Estate
RRX,REGAL REXNORD CORP,Industrials
KMX,CARMAX INC,Consumer Discretionary
EXAS,EXACT SCIENCES CORP,Health Care
ALLE,ALLEGION PLC,Industrials
CELH,CELSIUS HOLDINGS INC,Consumer Staples
APA,APA CORP,Energy
TWLO,TWILIO INC CLASS A,Information Technology
RPRX,ROYALTY PHARMA PLC CLASS A,Health Care
PFGC,PERFORMANCE FOOD GROUP,Consumer Staples
EWBC,EAST WEST BANCORP INC,Financials
CPT,CAMDEN PROPERTY TRUST REIT,Real Estate
TXRH,TEXAS ROADHOUSE INC,Consumer Discretionary
LAMR,LAMAR ADVERTISING COMPANY CLAS,Real Estate
ALLY,ALLY FINANCIAL INC,Financials
NTRA,NATERA INC,Health Care
TPL,TEXAS PACIFIC LAND CORP,Energy
CLH,CLEAN HARBORS INC,Industrials
CTLT,CATALENT INC,Health Care
HRL,HORMEL FOODS CORP,Consumer Staples
ITT,ITT INC,Industrials
BJ,BJS WHOLESALE CLUB HOLDINGS INC,Consumer Staples
TAP,MOLSON COORS BREWING CLASS B,Consumer Staples
BSY,BENTLEY SYSTEMS INC CLASS B,Information Technology
WWD,WOODWARD INC,Industrials
AOS,A O SMITH CORP,Industrials
CNM,CORE & MAIN INC CLASS A,Industrials
UHS,UNIVERSAL HEALTH SERVICES INC CLAS,Health Care
SCI,SERVICE,Consumer Discretionary
CW,CURTISS WRIGHT CORP,Industrials
BBWI,BATH AND BODY WORKS INC,Consumer Discretionary
TREX,TREX INC,Industrials
WYNN,WYNN RESORTS LTD,Consumer Discretionary
FFIV,F5 INC,Information Technology
INCY,INCYTE CORP,Health Care
ATR,APTARGROUP INC,Materials
DOX,AMDOCS LTD,Information Technology
SCCO,SOUTHERN COPPER CORP,Materials
NLY,ANNALY CAPITAL MANAGEMENT REIT INC,Financials
HEI,HEICO CORP,Industrials
HII,HUNTINGTON INGALLS INDUSTRIES INC,Industrials
LSCC,LATTICE SEMICONDUCTOR CORP,Information Technology
WTRG,ESSENTIAL UTILITIES INC,Utilities
CHDN,CHURCHILL DOWNS INC,Consumer Discretionary
QRVO,QORVO INC,Information Technology
TFX,TELEFLEX INC,Health Care
QGEN,QIAGEN NV,Health Care
AR,ANTERO RESOURCES CORP,Energy
BXP,BOSTON PROPERTIES REIT INC,Real Estate
GWRE,GUIDEWIRE SOFTWARE INC,Information Technology
CHRW,CH ROBINSON WORLDWIDE INC,Industrials
MOS,MOSAIC,Materials
RGEN,REPLIGEN CORP,Health Care
AIZ,ASSURANT INC,Financials
CUBE,CUBESMART REIT,Real Estate
REXR,REXFORD INDUSTRIAL REALTY REIT INC,Real Estate
AFG,AMERICAN FINANCIAL GROUP INC,Financials
NWSA,NEWS CORP CLASS A,Communication
AAL,AMERICAN AIRLINES GROUP INC,Industrials
TTC,TORO,Industrials
FBIN,FORTUNE BRANDS INNOVATIONS INC,Industrials
KBR,KBR INC,Industrials
MEDP,MEDPACE HOLDINGS INC,Health Care
CACI,CACI INTERNATIONAL INC CLASS A,Industrials
SOLV,SOLVENTUM CORP,Health Care
SKX,SKECHERS USA INC CLASS A,Consumer Discretionary
CPB,CAMPBELL SOUP,Consumer Staples
WEX,WEX INC,Financials
BWXT,BWX TECHNOLOGIES INC,Industrials
HSIC,HENRY SCHEIN INC,Health Care
TPR,TAPESTRY INC,Consumer Discretionary
DCI,DONALDSON INC,Industrials
JLL,JONES LANG LASALLE INC,Real Estate
TOST,TOAST INC CLASS A,Financials
EXP,EAGLE MATERIALS INC,Materials
CLF,CLEVELAND CLIFFS INC,Materials
DINO,HF SINCLAIR CORP,Energy
UNM,UNUM,Financials
FHN,FIRST HORIZON CORP,Financials
DAY,DAYFORCE INC,Industrials
CCK,CROWN HOLDINGS INC,Materials
PAYC,PAYCOM SOFTWARE INC,Industrials
TPX,TEMPUR SEALY INTERNATIONAL INC,Consumer Discretionary
ESTC,ELASTIC NV,Information Technology
FRT,FEDERAL REALTY INVESTMENT TRUST RE,Real Estate
CG,CARLYLE GROUP INC,Financials
ACI,ALBERTSONS COMPANY INC CLASS A,Consumer Staples
MTCH,MATCH GROUP INC,Communication
PNW,PINNACLE WEST CORP,Utilities
EHC,ENCOMPASS HEALTH CORP,Health Care
CHE,CHEMED CORP,Health Care
GPK,GRAPHIC PACKAGING HOLDING,Materials
BWA,BORGWARNER INC,Consumer Discretionary
X,US STEEL CORP,Materials
RRC,RANGE RESOURCES CORP,Energy
OWL,BLUE OWL CAPITAL INC CLASS A,Financials
HAS,HASBRO INC,Consumer Discretionary
KNSL,KINSALE CAPITAL GROUP INC,Financials
ARMK,ARAMARK,Consumer Discretionary
PARA,PARAMOUNT GLOBAL CLASS B,Communication
SF,STIFEL FINANCIAL CORP,Financials
JEF,JEFFERIES FINANCIAL GROUP INC,Financials
ORI,OLD REPUBLIC INTERNATIONAL CORP,Financials
GNTX,GENTEX CORP,Consumer Discretionary
SWN,SOUTHWESTERN ENERGY,Energy
RGLD,ROYAL GOLD INC,Materials
SNX,TD SYNNEX CORP,Information Technology
AXTA,AXALTA COATING SYSTEMS LTD,Materials
GNRC,GENERAC HOLDINGS INC,Industrials
FOXA,FOX CORP CLASS A,Communication
AFRM,AFFIRM HOLDINGS INC CLASS A,Financials
FIVE,FIVE BELOW INC,Consumer Discretionary
PRI,PRIMERICA INC,Financials
MKTX,MARKETAXESS HOLDINGS INC,Financials
MKSI,MKS INSTRUMENTS INC,Information Technology
MUSA,MURPHY USA INC,Consumer Discretionary
AYI,ACUITY BRANDS INC,Industrials
INGR,INGREDION INC,Consumer Staples
NNN,NNN REIT INC,Real Estate
WBS,WEBSTER FINANCIAL CORP,Financials
OHI,OMEGA HEALTHCARE INVESTORS REIT IN,Real Estate
CROX,CROCS INC,Consumer Discretionary
DVA,DAVITA INC,Health Care
ROKU,ROKU INC CLASS A,Communication
MORN,MORNINGSTAR INC,Financials
FMC,FMC CORP,Materials
INSP,INSPIRE MEDICAL SYSTEMS INC,Health Care
GLOB,GLOBANT SA,Information Technology
CGNX,COGNEX CORP,Information Technology
LEA,LEAR CORP,Consumer Discretionary
PEN,PENUMBRA INC,Health Care
NOV,NOV INC,Energy
MTN,VAIL RESORTS INC,Consumer Discretionary
PATH,UIPATH INC CLASS A,Information Technology
MIDD,MIDDLEBY CORP,Industrials
OSK,OSHKOSH CORP,Industrials
EGP,EASTGROUP PROPERTIES REIT INC,Real Estate
KNX,KNIGHT-SWIFT TRANSPORTATION HOLDIN,Industrials
OLED,UNIVERSAL DISPLAY CORP,Information Technology
WCC,WESCO INTERNATIONAL INC,Industrials
CZR,CAESARS ENTERTAINMENT INC,Consumer Discretionary
NYT,NEW YORK TIMES CLASS A,Communication
ETSY,ETSY INC,Consumer Discretionary
COHR,COHERENT CORP,Information Technology
RHI,ROBERT HALF,Industrials
OGE,OGE ENERGY CORP,Utilities
FCN,FTI CONSULTING INC,Industrials
U,UNITY SOFTWARE INC,Information Technology
RBC,RBC BEARINGS INC,Industrials
BRKR,BRUKER CORP,Health Care
AGCO,AGCO CORP,Industrials
WSC,WILLSCOT MOBILE MINI HOLDINGS CORP,Industrials
MSA,MSA SAFETY INC,Industrials
CIEN,CIENA CORP,Information Technology
GL,GLOBE LIFE INC,Financials
EXEL,EXELIXIS INC,Health Care
XP,XP CLASS A INC,Financials
HRB,H&R BLOCK INC,Consumer Discretionary
LAD,LITHIA MOTORS INC,Consumer Discretionary
BEN,FRANKLIN RESOURCES INC,Financials
BRX,BRIXMOR PROPERTY GROUP REIT INC,Real Estate
VOYA,VOYA FINANCIAL INC,Financials
ALSN,ALLISON TRANSMISSION HOLDINGS INC,Industrials
SITE,SITEONE LANDSCAPE SUPPLY INC,Industrials
NCLH,NORWEGIAN CRUISE LINE HOLDINGS LTD,Consumer Discretionary
CR,CRANE,Industrials
RIVN,RIVIAN AUTOMOTIVE INC CLASS A,Consumer Discretionary
ARW,ARROW ELECTRONICS INC,Information Technology
CMA,COMERICA INC,Financials
BERY,BERRY GLOBAL GROUP INC,Materials
HLI,HOULIHAN LOKEY INC CLASS A,Financials
SEIC,SEI INVESTMENTS,Financials
JAZZ,JAZZ PHARMACEUTICALS PLC,Health Care
EVR,EVERCORE INC CLASS A,Financials
SAIC,SCIENCE APPLICATIONS INTERNATIONAL,Industrials
DAR,DARLING INGREDIENTS INC,Consumer Staples
CBSH,COMMERCE BANCSHARES INC,Financials
H,HYATT HOTELS CORP CLASS A,Consumer Discretionary
PVH,PVH CORP,Consumer Discretionary
AZEK,AZEK COMPANY INC CLASS A,Industrials
MAT,MATTEL INC,Consumer Discretionary
SOFI,SOFI TECHNOLOGIES INC,Financials
ELAN,ELANCO ANIMAL HEALTH INC,Health Care
OLN,OLIN CORP,Materials
RL,RALPH LAUREN CORP CLASS A,Consumer Discretionary
STAG,STAG INDUSTRIAL REIT INC,Real Estate
AGNC,AGNC INVESTMENT REIT CORP,Financials
BILL,BILL HOLDINGS INC,Information Technology
BPOP,POPULAR INC,Financials
AA,ALCOA CORP,Materials
KEX,KIRBY CORP,Industrials
COLD,AMERICOLD REALTY INC TRUST,Real Estate
WAL,WESTERN ALLIANCE,Financials
LSTR,LANDSTAR SYSTEM INC,Industrials
MHK,MOHAWK INDUSTRIES INC,Consumer Discretionary
ZION,ZIONS BANCORPORATION,Financials
WTFC,WINTRUST FINANCIAL CORP,Financials
FLS,FLOWSERVE CORP,Industrials
PCTY,PAYLOCITY HOLDING CORP,Industrials
PNFP,PINNACLE FINANCIAL PARTNERS INC,Financials
VNT,VONTIER CORP,Information Technology
CFR,CULLEN FROST BANKERS INC,Financials
IONS,IONIS PHARMACEUTICALS INC,Health Care
FR,FIRST INDUSTRIAL REALTY TRUST INC,Real Estate
Z,ZILLOW GROUP INC CLASS C,Real Estate
DBX,DROPBOX INC CLASS A,Information Technology
ACHC,ACADIA HEALTHCARE COMPANY INC,Health Care
XRAY,DENTSPLY SIRONA INC,Health Care
ST,SENSATA TECHNOLOGIES HOLDING PLC,Industrials
DTM,DT MIDSTREAM INC,Energy
GMED,GLOBUS MEDICAL INC CLASS A,Health Care
LBRDK,LIBERTY BROADBAND CORP SERIES C,Communication
WH,WYNDHAM HOTELS RESORTS INC,Consumer Discretionary
BIO,BIO RAD LABORATORIES INC CLASS A,Health Care
LYFT,LYFT INC CLASS A,Industrials
OMF,ONEMAIN HOLDINGS INC,Financials
MASI,MASIMO CORP,Health Care
ESAB,ESAB CORP,Industrials
STWD,STARWOOD PROPERTY TRUST REIT INC,Financials
MTZ,MASTEC INC,Industrials
GXO,GXO LOGISTICS INC,Industrials
TKO,TKO GROUP HOLDINGS INC CLASS A,Communication
FYBR,FRONTIER COMMUNICATIONS PARENT INC,Communication
ADC,AGREE REALTY REIT CORP,Real Estate
LFUS,LITTELFUSE INC,Information Technology
HR,HEALTHCARE REALTY TRUST INC CLASS,Real Estate
RLI,RLI CORP,Financials
G,GENPACT LTD,Industrials
BC,BRUNSWICK CORP,Consumer Discretionary
HXL,HEXCEL CORP,Industrials
PCOR,PROCORE TECHNOLOGIES INC,Information Technology
MTG,MGIC INVESTMENT CORP,Financials
AZPN,ASPEN TECHNOLOGY INC,Information Technology
AIRC,APARTMENT INCOME REIT CORP,Real Estate
R,RYDER SYSTEM INC,Industrials
VVV,VALVOLINE INC,Consumer Discretionary
TKR,TIMKEN,Industrials
FAF,FIRST AMERICAN FINANCIAL CORP,Financials
ALK,ALASKA AIR GROUP INC,Industrials
CFLT,CONFLUENT INC CLASS A,Information Technology
PB,PROSPERITY BANCSHARES INC,Financials
AMG,AFFILIATED MANAGERS GROUP INC,Financials
RITM,RITHM CAPITAL CORP,Financials
SNV,SYNOVUS FINANCIAL CORP,Financials
IVZ,INVESCO LTD,Financials
ESI,ELEMENT SOLUTIONS INC,Materials
SON,SONOCO PRODUCTS,Materials
NXST,NEXSTAR MEDIA GROUP INC,Communication
POST,POST HOLDINGS INC,Consumer Staples
SEE,SEALED AIR CORP,Materials
AL,AIR LEASE CORP CLASS A,Industrials
AWI,ARMSTRONG WORLD INDUSTRIES INC,Industrials
PLNT,PLANET FITNESS INC CLASS A,Consumer Discretionary
MDU,MDU RESOURCES GROUP INC,Industrials
RYAN,RYAN SPECIALTY HOLDINGS INC CLASS,Financials
M,MACYS INC,Consumer Discretionary
S,SENTINELONE INC CLASS A,Information Technology
THO,THOR INDUSTRIES INC,Consumer Discretionary
ZI,ZOOMINFO TECHNOLOGIES INC,Communication
VMI,VALMONT INDS INC,Industrials
UGI,UGI CORP,Utilities
GTLB,GITLAB INC CLASS A,Information Technology
WHR,WHIRLPOOL CORP,Consumer Discretionary
AXS,AXIS CAPITAL HOLDINGS LTD,Financials
FNB,FNB CORP,Financials
SMAR,SMARTSHEET INC CLASS A,Information Technology
APLS,APELLIS PHARMACEUTICALS INC,Health Care
OGN,ORGANON,Health Care
OZK,BANK OZK,Financials
NFG,NATIONAL FUEL GAS,Utilities
WLK,WESTLAKE CORP,Materials
DLB,DOLBY LABORATORIES INC CLASS A,Information Technology
W,WAYFAIR INC CLASS A,Consumer Discretionary
ASH,ASHLAND INC,Materials
SLM,SLM CORP,Financials
IDA,IDACORP INC,Utilities
AM,ANTERO MIDSTREAM CORP,Energy
LPX,LOUISIANA PACIFIC CORP,Materials
EEFT,EURONET WORLDWIDE INC,Financials
WTM,WHITE MOUNTAINS INSURANCE GROUP LT,Financials
OLLI,OLLIES BARGAIN OUTLET HOLDINGS INC,Consumer Discretionary
THG,HANOVER INSURANCE GROUP INC,Financials
VNO,VORNADO REALTY TRUST REIT,Real Estate
AN,AUTONATION INC,Consumer Discretionary
CRUS,CIRRUS LOGIC INC,Information Technology
FLO,FLOWERS FOODS INC,Consumer Staples
LNC,LINCOLN NATIONAL CORP,Financials
PII,POLARIS INC,Consumer Discretionary
FRPT,FRESHPET INC,Consumer Staples
AVT,AVNET INC,Information Technology
KD,KYNDRYL HOLDINGS INC,Information Technology
AAP,ADVANCE AUTO PARTS INC,Consumer Discretionary
PRGO,PERRIGO PLC,Health Care
COTY,COTY INC CLASS A,Consumer Staples
VFC,VF CORP,Consumer Discretionary
HOG,HARLEY DAVIDSON INC,Consumer Discretionary
JHG,JANUS HENDERSON GROUP PLC,Financials
RYN,RAYONIER REIT INC,Real Estate
MSM,MSC INDUSTRIAL INC CLASS A,Industrials
LAZ,LAZARD INC,Financials
AGO,ASSURED GUARANTY LTD,Financials
ROIV,ROIVANT SCIENCES LTD,Health Care
LOPE,GRAND CANYON EDUCATION INC,Consumer Discretionary
DV,DOUBLEVERIFY HOLDINGS INC,Information Technology
GPS,GAP INC,Consumer Discretionary
HUN,HUNTSMAN CORP,Materials
RH,RH,Consumer Discretionary
COLB,COLUMBIA BANKING SYSTEM INC,Financials
FIVN,FIVE9 INC,Information Technology
SRCL,STERICYCLE INC,Industrials
CPRI,CAPRI HOLDINGS LTD,Consumer Discretionary
BYD,BOYD GAMING CORP,Consumer Discretionary
KRC,KILROY REALTY REIT CORP,Real Estate
IAC,IAC INC,Communication
MAN,MANPOWER INC,Industrials
SLGN,SILGAN HOLDINGS INC,Materials
FOX,FOX CORP CLASS B,Communication
SPR,SPIRIT AEROSYSTEMS INC CLASS A,Industrials
CC,CHEMOURS,Materials
IRDM,IRIDIUM COMMUNICATIONS INC,Communication
GFS,GLOBALFOUNDRIES INC,Information Technology
TDC,TERADATA CORP,Information Technology
LSXMK,LIBERTY MEDIA LIBERTY SIRIUSXM COR,Communication
CHH,CHOICE HOTELS INTERNATIONAL INC,Consumer Discretionary
DXC,DXC TECHNOLOGY,Information Technology
KMPR,KEMPER CORP,Financials
CCCS,CCC INTELLIGENT SOLUTIONS HOLDINGS,Information Technology
CUZ,COUSINS PROPERTIES REIT INC,Real Estate
WU,WESTERN UNION,Financials
BEPC,BROOKFIELD RENEWABLE SUBORDINATE V,Utilities
VAC,MARRIOTT VACATIONS WORLDWIDE CORP,Consumer Discretionary
WEN,WENDYS,Consumer Discretionary
MSGS,MADISON SQUARE GARDEN SPORTS CORP,Communication
RARE,ULTRAGENYX PHARMACEUTICAL INC,Health Care
HCP,HASHICORP INC CLASS A,Information Technology
GME,GAMESTOP CORP CLASS A,Consumer Discretionary
NEU,NEWMARKET CORP,Materials
CLVT,CLARIVATE PLC,Industrials
FTRE,FORTREA HOLDINGS INC,Health Care
PK,PARK HOTELS RESORTS INC,Real Estate
CAVA,CAVA GROUP INC,Consumer Discretionary
TNL,TRAVEL LEISURE,Consumer Discretionary
NVST,ENVISTA HOLDINGS CORP,Health Care
FOUR,SHIFT4 PAYMENTS INC CLASS A,Financials
BHF,BRIGHTHOUSE FINANCIAL INC,Financials
TPG,TPG INC CLASS A,Financials
EPR,EPR PROPERTIES REIT,Real Estate
CACC,CREDIT ACCEPTANCE CORP,Financials
PAG,PENSKE AUTOMOTIVE GROUP VOTING INC,Consumer Discretionary
SMG,SCOTTS MIRACLE GRO,Materials
LITE,LUMENTUM HOLDINGS INC,Information Technology
CXT,CRANE NXT,Information Technology
YETI,YETI HOLDINGS INC,Consumer Discretionary
AMED,AMEDISYS INC,Health Care
NWL,NEWELL BRANDS INC,Consumer Discretionary
WOLF,WOLFSPEED INC,Information Technology
AZTA,AZENTA INC,Health Care
HIW,HIGHWOODS PROPERTIES REIT INC,Real Estate
ENOV,ENOVIS CORP,Health Care
NWS,NEWS CORP CLASS B,Communication
COLM,COLUMBIA SPORTSWEAR,Consumer Discretionary
MPW,MEDICAL PROPERTIES TRUST REIT INC,Real Estate
TRIP,TRIPADVISOR INC,Communication
DOCS,DOXIMITY INC CLASS A,Health Care
FHB,FIRST HAWAIIAN INC,Financials
GTES,GATES INDUSTRIAL PLC,Industrials
KSS,KOHLS CORP,Consumer Discretionary
NSA,NATIONAL STORAGE AFFILIATES TRUST,Real Estate
BOKF,BOK FINANCIAL CORP,Financials
RNG,RINGCENTRAL INC CLASS A,Information Technology
SAM,BOSTON BEER INC CLASS A,Consumer Staples
CNXC,CONCENTRIX CORP,Industrials
IPGP,IPG PHOTONICS CORP,Information Technology
CRI,CARTERS INC,Consumer Discretionary
DNB,DUN BRADST HLDG INC,Industrials
AGR,AVANGRID INC,Utilities
PINC,PREMIER INC CLASS A,Health Care
SPB,SPECTRUM BRANDS HOLDINGS INC,Consumer Staples
PEGA,PEGASYSTEMS INC,Information Technology
TXG,10X GENOMICS INC CLASS A,Health Care
GO,GROCERY OUTLET HOLDING CORP,Consumer Staples
NYCB,NEW YORK COMMUNITY BANCORP INC,Financials
PENN,PENN ENTERTAINMENT INC,Consumer Discretionary
CAR,AVIS BUDGET GROUP INC,Industrials
TNDM,TANDEM DIABETES CARE INC,Health Care
RUN,SUNRUN INC,Industrials
QDEL,QUIDELORTHO CORP,Health Care
TDOC,TELADOC HEALTH INC,Health Care
ALGM,ALLEGRO MICROSYSTEMS INC,Information Technology
HHH,HOWARD HUGHES HOLDINGS INC,Real Estate
JWN,NORDSTROM INC,Consumer Discretionary
ZG,ZILLOW GROUP INC CLASS A,Real Estate
CABO,CABLE ONE INC,Communication
NCNO,NCINO INC,Information Technology
LCID,LUCID GROUP INC,Consumer Discretionary
CERT,CERTARA INC,Health Care
CWEN,CLEARWAY ENERGY INC CLASS C,Utilities
QS,QUANTUMSCAPE CORP CLASS A,Consumer Discretionary
VSAT,VIASAT INC,Information Technology
HAYW,HAYWARD HOLDINGS INC,Industrials
ICUI,ICU MEDICAL INC,Health Care
IART,INTEGRA LIFESCIENCES HOLDINGS CORP,Health Care
PHIN,PHINIA INC,Consumer Discretionary
SIRI,SIRIUS XM HOLDINGS INC,Communication
RCM,R1 RCM INC,Health Care
LEG,LEGGETT & PLATT INC,Consumer Discretionary
VIRT,VIRTU FINANCIAL INC CLASS A,Financials
LSXMA,LIBERTY MEDIA LIBERTY SIRIUSXM COR,Communication
ADT,ADT INC,Consumer Discretionary
LLYVK,LIBERTY MEDIA LIBERTY LIVE CORP SE,Communication
NFE,NEW FORTRESS ENERGY INC CLASS A,Energy
MRCY,MERCURY SYSTEMS INC,Industrials
MP,MP MATERIALS CORP CLASS A,Materials
FWONA,LIBERTY MEDIA FORMULA ONE CORP SER,Communication
VYX,NCR VOYIX CORP,Information Technology
REYN,REYNOLDS CONSUMER PRODUCTS INC,Consumer Staples
KLG,WK KELLOGG,Consumer Staples
RKT,ROCKET COMPANIES INC CLASS A,Financials
VSCO,VICTORIA S SECRET,Consumer Discretionary
NVCR,NOVOCURE LTD,Health Care
PPC,PILGRIMS PRIDE CORP,Consumer Staples
AGL,AGILON HEALTH,Health Care
INFA,INFORMATICA INC CLASS A,Information Technology
NATL,NCR ATLEOS CORP,Financials
SHC,SOTERA HEALTH COMPANY,Health Care
BIRK,BIRKENSTOCK HOLDING PLC,Consumer Discretionary
UAA,UNDER ARMOUR INC CLASS A,Consumer Discretionary
DNA,GINKGO BIOWORKS HOLDINGS INC CLASS,Materials
PLUG,PLUG POWER INC,Industrials
UA,UNDER ARMOUR INC CLASS C,Consumer Discretionary
SNDR,SCHNEIDER NATIONAL INC CLASS B,Industrials
PYCR,PAYCOR HCM INC,Industrials
VSTS,VESTIS CORP,Industrials
SSRM,SSR MINING INC,Materials
CNA,CNA FINANCIAL CORP,Financials
HE,HAWAIIAN ELECTRIC INDUSTRIES INC,Utilities
MRVI,MARAVAI LIFESCIENCES HOLDINGS INC,Health Care
PTON,PELOTON INTERACTIVE CLASS A INC,Consumer Discretionary
UWMC,UWM HOLDINGS CORP CLASS A,Financials
AMC,AMC ENTERTAINMENT HOLDINGS INC CLA,Communication
LBRDA,LIBERTY BROADBAND CORP SERIES A,Communication
TFSL,TFS FINANCIAL CORP,Financials
CART,MAPLEBEAR INC,Consumer Staples
DRVN,DRIVEN BRANDS HOLDINGS INC,Industrials
LLYVA,LIBERTY MEDIA LIBERTY LIVE CORP SE,Communication
HTZ,HERTZ GLOBAL HLDGS INC,Industrials
SEB,SEABOARD CORP,Consumer Staples
AMBP,ARDAGH METAL PACKAGING SA,Materials
UHAL,U HAUL HOLDING,Industrials
MCW,MISTER CAR WASH INC,Consumer Discretionary
UI,UBIQUITI INC,Information Technology
CHPT,CHARGEPOINT HOLDINGS INC CLASS A,Industrials
NLOP,NET LEASE OFFICE PROPERTIES,Real Estate
PARAA,PARAMOUNT GLOBAL CLASS A,Communication
OLPX,OLAPLEX HOLDINGS INC,Consumer Staples
PLTK,PLAYTIKA HOLDING CORP,Communication
WOOF,PETCO HEALTH AND WELLNESS COMPANY,Consumer Discretionary
